COM_CODE,UPC,DESCRIP,SIZE,CASE,NITEM
958,1015806603,PYCOPAY T/B B1G1,2 CT,72,7805331
958,1015806604,PYCOPAY T/B B1G1,2 CT,72,7805331
958,1015806607,PYCOPAY T/B B1G1,2 CT,72,7805331
958,1015806610,PYCOPAY T/B B1G1,2 CT,72,7805331
958,1015806611,PYCOPAY T/B B1G1,2 CT,72,7805331
958,1015806613,PYCOPAY T/B B1G1,2 CT,72,7805331
958,1048600200,DENTS TOOTHACHE GUM,.035OZ,1,8422440
958,1070540081,DENTEMP TEMP/FILLING,1 CT,1,847177
958,1111383026,PEPSODENT T/B SOFT P,EA,12,6046401
958,1111383136,PEPSODENT T/B MED PP,EA,12,6046301
958,1111383159,PEPSODENT T/B SOFT P,1 CT,12,6046401
958,1111383216,PEPSODENT T/B HARD P,EA,12,6046201
958,1111383259,PEPSODENT T/B MEDIUM,1 CT,12,6046301
958,1111383359,PEPSODENT T/B HARD P,1 CT,12,6046201
958,1111385013,~DISNEY CHILD,EA,72,7807481
958,1111386420,DISNEY T/B FLOORSTND,3 PK,36,7809441
958,1111388014,PEPSODENT PRO T/B XT,1 CT,12,6040131
958,1111388070,PEPSODENT B1G1 TOOTH,1 CT,72,7805531
958,1111388114,~PEPSODENT PRO ADULT,EA,12,6040141
958,1111388170,PEPSODENT B1G1 TOOTH,1 CT,72,7805531
958,1111388214,~PEPSODENT PRO ADULT,EACH,12,6040151
958,1111388220,PEPSODENT B1G1 TOOTH,1 CT,72,7805531
958,1254770476,LISTERINE BRTH SPRAY,.25 OZ,1,8471790
958,1254770477,LISTERINE BRTH SPRAY,.25 OZ,1,8471780
958,1465781101,BINACA VARIETY SPRAY,.2 OZ,24,7313701
958,1465781102,BINACA VARIETY SPRAY,.2 OZ,24,7313701
958,1465781103,BINACA SPRAY GOLDEN,1/8 OZ,1,8428540
958,1465781104,BINACA PEPPERMINT,1/8 OZ,1,8428560
958,1465781108,BINACA VARIETY SPRAY,.2 OZ,24,7313701
958,1465781109,BINACA VARIETY SPRAY,.2 OZ,24,7313701
958,2447300024,EASY FLOSS SWORD FLO,32 CT,12,6040611
958,3078550104,TOOTHETTE DISPOSABLE,10 CT,80,7808351
958,3320018021,~T/S A&H DENTAL CARE,1 OZ,144,7100151
958,3320018410,~T/S A&H DENTAL CARE,1 OZ,144,7100151
958,3320018610,~T/S A&H DENTAL CARE,1 OZ,144,7100151
958,3500052600,~CLGT PLUS #3 SENS F,EA,6,6040091
958,3500052603,COLGATE FULL SENS,3 CT,1,9994010
958,3500052700,CLGT PLUS #6 SNSTV C,1 CT,6,6040101
958,3500053700,~CLGT PLUS #12 ANG C,1 CT,6,6040321
958,3500053800,COLG PLS ANGL T/B CM,1 CT,6,6040331
958,3500053900,CLGT PLUS #14 ANGL T,1 CT,6,6040301
958,3500054000,CLGT PLUS #15 ANGL T,1 CT,6,6040311
958,3500055100,COLGATE CLASSIC T-BR,EA,6,6040031
958,3500055109,COLGATE CLASSIC MED,EA,6,6040031
958,3500055199,COLGATE CLASSIC MED,EA,6,6040031
958,3500055200,COLGATE CLASSIC T-BR,EA,6,6040021
958,3500055209,COLGATE CLASSIC FIRM,EA,1,6040021
958,3500055299,COLGATE T/B FIRM PP.,EA,6,9963120
958,3500055300,CLGATE PLUS #2 FULL,EA,6,6040051
958,3500055302,COLGATE PLUS B1G1 F/,2 CT,36,7805651
958,3500055303,COLGATE PLUS B2G1 F/,3 CT,32,7805601
958,3500055322,CLGT PLUS GRIP FULL,EA,6,6040271
958,3500055332,CLGT PLUS GRIP FULL,EA,6,6040261
958,3500055400,~CLGT PLUS #7 YOUTH,EA,6,6040111
958,3500055500,COLGATE CLASSIC T-BR,EA,6,6040041
958,3500055504,~BUY 2+BRSHES GT TUB,EA,36,7805941
958,3500055509,COLGATE T/B SOFT PP1,EA,1,9963100
958,3500055599,COLGATE T/B SOFT PP.,EA,6,9963100
958,3500055604,~BUY 2+BRSHES GT TUB,EA,36,7805941
958,3500055610,CLGT+ TB W/FREE CASE,EA,72,7807691
958,3500055611,CLGT+ TB W/FREE CASE,EA,72,7807691
958,3500055800,CLGT PLUS #1 FULL ME,EA,6,6040061
958,3500055803,COLGATE PLUS B2G1 F/,3 CT,32,7805601
958,3500055900,~CLGT PLUS #8 YOUTH,EACH,6,6040121
958,3500056000,CLGT PLUS CHARACTER,EA,6,6046251
958,3500056200,CLGT JR #9 T/B X/SOF,EA,6,6046241
958,3500056210,ALADDIN TOOTHBRUSH F,EA,72,7808491
958,3500056500,COLGATE + T/B SMILE-,1 CT,72,7805631
958,3500057800,COLGATE PLUS #4 CMPC,EA,6,6040081
958,3500057803,COLGATE PLUS FLOORST,3 CT,36,7807551
958,3500057900,COLGATE PLUS #5 SOFT,EA,6,6040071
958,3500057903,COLGATE COMPACT SOFT,3 CT,1,9994000
958,3500061500,CLGT PLUS #17 T/B WL,1 CT,6,6040351
958,3500061600,~CLGT PLUS T/B WLD 1,1 CT,6,6040371
958,3500061700,~CLGT + T/B WILD ONE,1 CT,6,6040361
958,3500061800,~CLGT PLUS #185 T/B,1 CT,6,6040381
958,3500065800,COLGATE TB RIPPLED B,EA,6,6040251
958,3500065900,COLGATE TB RIPPLED B,1 CT,6,6040241
958,3500068400,COLGATE PRECISION ME,1 CT,6,6040211
958,3500068500,COLGATE PRECISION SO,1 CT,6,6040221
958,3500068506,CLGT PRCSN E/G TB FU,EA,6,6040161
958,3500068600,COLGATE PRECISION X-,1 CT,6,6040231
958,3500068700,COLGATE PRECISION CO,1 CT,6,6040181
958,3500068800,COLGATE PRECISION CO,1 CT,6,6040191
958,3500068805,CLGT PRCSN E/G TB CO,EA,6,6040171
958,3500068900,COLGATE PRECISION CO,1 CT,6,6040201
958,3660081101,CHAP STICK STOCKING,3 CT,120,780843
958,3660081151,CHAPSTICK SUNBLOCK,.15 OZ,1,8480680
958,3660081331,CHAP STICK - REGULAR,.15 OZ,24,6443901
958,3660081371,CHAP STICK - CHERRY,.15 OZ,24,6443951
958,3660081461,CHAPSTICK MINT BLIST,.15 OZ,1,8480670
958,3660081791,CHAPSTICK B2G1 FREE,3 PK,72,7817711
958,3660081811,CHAPSTICK B2G1 FREE,3 PK,72,7817711
958,3660082501,CHAP STICK PLUS-ALOE,.35 OZ,12,6444001
958,3660082541,CHAPSTK SUNBLK BLSTR,.15 OZ,1,8480680
958,3660082581,CHAPSTICK PLUS CHERR,EACH,12,6444031
958,3660083331,CHAPSTICK MEDICATED,.15 OZ,24,6443801
958,3660083501,CHAPSTICK MEDICATED,.35 OZ,12,6443811
958,3660083751,CHAPSTICK MEDICATED,.25 OZ,12,6443841
958,3700000275,CREST CMPLT TB IMAGE,1 CT,6,6042211
958,3700000280,CREST CMPLT IMAGES S,1 CT,6,6042221
958,3700000285,CREST COMPLETE YOUTH,1 CT,6,6042251
958,3700000290,CREST CMPLT CHILD SS,1 CT,6,6042201
958,3700000867,CREST T.B. #8 SOFT A,1 CT,6,6042171
958,3700000869,CREST T.B. #4 MED AN,1 CT,6,6042131
958,3700000874,CREST T.B. #7 SOFT A,1 CT,6,6042161
958,3700000879,CREST T.B. #3 MED AN,1 CT,6,6042121
958,3700000885,CREST T.B. #6 SOFT S,1 CT,6,6042151
958,3700000889,CREST T.B. #2 MED ST,1 CT,6,6042111
958,3700000895,CREST T.B. #5 SOFT S,1 CT,6,6042141
958,3700000896,CREST CMPLT TB IMAGE,1 CT,6,6042231
958,3700000898,CREST T.B. #1 MED ST,1 CT,6,6042101
958,3700000903,CREST T.B. #9 XSOFT,1 CT,6,6042181
958,3700000912,CREST TB IMAGES MAL,1 CT,6,6042241
958,3700000916,CREST T.B. #10 XSFT,1 CT,6,6042191
958,3700072766,CREST COMPLETE WING,3 CT,36,7809151
958,3828160005,DOM FLOSS WAX MINT,50 YDS,12,6040551
958,3828160009,DOM FLOSS WAX REG,50 YDS,12,6040601
958,3828160013,DOM FLOSS UNWAXED,50 YDS,12,6040651
958,3828160041,DOM ORAL ANGLE SOFT,EACH,12,6041001
958,3828160045,DOM ORAL ANGLE MEDIU,EACH,12,6041011
958,3828160049,DOM ORAL ANGLE FIRM,EACH,12,6041021
958,3828160053,DOMINICKS GEM HEAD-S,1 CT,12,6041451
958,3828160057,DOMINICKS GEM HEAD-M,1 CT,12,6041461
958,3828160061,DOM FIRM CLASSIC TB,1 CT,12,6041421
958,3828160065,DOM MED CLASSIC TB,1 CT,12,6041431
958,3828160069,DOM SOFT CLASSIC TB,1 CT,12,6041441
958,3828160073,DOM COMPLETE PERF/ST,1 CT,12,6041681
958,3828160077,DOM COMPLETE PERF/AN,1 CT,12,6041691
958,3828173297,DOM SPEARMINT BREATH,.2 OZ,12,7313761
958,3828178049,DOM BRICK ORAL ANGLE,6 PK,40,7805491
958,3834106588,ORABASE-B W/BENZOCAI,1/2 OZ,1,8414920
958,3859600601,CHARACTER LIP BALM,.15 OZ,96,7808341
958,3859608308,CHARACTER TRAVEL TOO,1 CT,72,7808241
958,3859660031,LIP BALM DUOS DISPLA,2 CT,36,7809321
958,3859660032,LIP BALM DUOS DISPLA,2 CT,36,7809321
958,3859660033,LIP BALM DUOS DISPLA,2 CT,36,7809321
958,3859660034,LIP BALM DUOS DISPLA,2 CT,36,7809321
958,3859660035,LIP BALM DUOS DISPLA,2 CT,36,7809321
958,4138816001,BLISTEX LIP MEDEX,.38 OZ,12,6444021
958,4138816601,BLISTEX LIP MEDEX,.38 OZ,12,6444021
958,4138820391,KANKA CANKER SORE TR,.33 OZ,12,6444091
958,4138821020,BLISTEX DISPENSER,.21 OZ,36,6444321
958,4138821021,BLISTEX OINMENT,.21,24,6443961
958,4138821300,BLISTEX 3PK FLOOR. O,3 CT,72,7807001
958,4138822021,BLISTEX BERRY,.15 OZ,24,6444311
958,4138822031,BLISTIK LIP BALM (CH,.15 OZ,24,644404
958,4138822042,BLISTIK LIP BALM B2G,.15 OZ,72,7807901
958,4138822061,BLISTIK LIP BALM,.15 OZ,24,6443971
958,4138822100,BLISTIK LIP BALM B2G,.15 OZ,72,7807901
958,4138822150,BLISTIK 2PK 35[ IRC,2 CT,72,7805591
958,4138826001,BLISTEX DCT LIP TREA,.25 OZ,12,6444101
958,4167000000,F/S JORDAN MAGIC T/B,1 CT,72,7805471
958,4167067000,JORDAN MAGIC CHILD T,1 CT,12,6041351
958,4167067001,~F/S JORDAN MAGIC TO,2 CT,72,7805511
958,4167067050,JORDAN MAGIC CHILD V,1 CT,12,6041361
958,4167067051,~F/S JORDAN MAGIC TO,2 CT,72,7805511
958,4167067200,JORDAN ADULT V MAGIC,1 CT,12,6041381
958,4167067201,~F/S JORDAN MAGIC TO,2 CT,72,7805511
958,4167067300,JORDAN MAGIC TODDLER,1 CT,12,6041371
958,4167067325,~JORDAN ADULT MAGIC,1 CT,12,6041401
958,4167067350,JORDAN ADULT MGC T/B,1 CT,12,6041391
958,4167067351,~F/S JORDAN MAGIC TO,2 CT,72,7805511
958,4167067375,~JORDAN ADULT MAGIC,1 CT,12,6041411
958,4470600011,FLOSSAID FLOSS HOLDE,1 CT,1,847180
958,5056280112,EASTER NOVELTY TOOTH,1 CT,120,7805351
958,5056280113,CHILD HALLOWEEN TOOT,1 CT,120,7808091
958,5056280114,CHILD CHRISTMAS TOOT,1 CT,120,7808861
958,5235410101,JHO-TOOTHPASTE SAVER,EA,12,6010011
958,5310000120,AQUA FRESH FLEX T/B,1 CT,6,7805181
958,5310000121,AQUA FRESH FLEX T/B,1 CT,6,6041211
958,5310000122,AQUA FRESH FLEX T/B,1 CT,6,6041221
958,5310000123,AQUA FRESH FLEX T/B,1 CT,6,6041231
958,5310000124,AQUAFRESH FLEX DESIG,1 CT,72,7805241
958,5310000125,AQUAFRESH FLEX DESIG,1 CT,72,7805241
958,5310000126,AQUA FRESH FLEX KIDS,1 CT,6,6041261
958,5310000127,AQUA FRESH FLEX COMP,1 CT,6,6041241
958,5310000128,~AQUA FRESH FLEX COM,1 CT,6,6041251
958,5310000140,AQUAFRESH FLX DIRCT,1 CT,6,6041721
958,5310000150,AQUAFRESH FLEX DIREC,1 CT,6,6041731
958,5310000160,AQUAFRESH FLX DIR SO,1 CT,6,6041701
958,5310000170,AQUAFRESH FLEX DIREC,1 CT,6,6041711
958,5310012022,F/S AQUAFRESH FLEX B,1 CT,72,6041201
958,5310012023,F/S AQUAFRESH FLEX B,1 CT,72,6041211
958,5310012026,F/S AQUAFRESH FLEX B,1 CT,6,6041241
958,5310012027,~AQUA FRESH FLEX COM,1 CT,6,6041251
958,7094200100,CRITTERS CHILD T/B B,2 CT,60,7808631
958,7094200111,GUM JR. CRITTERS,EA,6,6041181
958,7094200114,~BUTLER GARFEILD STR,1 CT,6,6041171
958,7094200123,BUTLER 123 ORTHODONI,EA,1,8471370
958,7094200153,BUTLER NYLON TRAVEL,EA,1,8471360
958,7094200201,BUTLER DENTURE BRUSH,EACH,1,8471430
958,7094200311,GUM ADULT 3 ROW,2 CT,6,6041121
958,7094200333,BUTLER ULT/SFT3ROW T,EA,1,8471470
958,7094200409,GUM COMPCT 4 ROW,2 CT,6,6041141
958,7094200411,GUM ADULT REG 4 ROW,EA,6,6041101
958,7094200414,~BUTLER GARFIELD ADU,1 CT,6,6041191
958,7094200430,BUTLER ANGLE TB FULL,EA,6,6041751
958,7094200431,BUTLER ANGLE TB COMP,1 CT,6,6041761
958,7094200432,BUTLER ANGLE TB FULL,1 CT,6,6041771
958,7094200433,BUTLER ANGLE TB COMP,EA,6,6041781
958,7094200434,BUTLER ANGLE TB FULL,1 CT,6,6041791
958,7094200444,~GUM ADULT ULTRA SOF,EA,6,6041161
958,7094200550,BUTLER UNWAXED DENTA,EA,1,8471400
958,7094200555,BUTLER UNWAXED FLOSS,50 YD,12,6041321
958,7094200600,BUTLER STIMULATOR HA,1 CT,1,8409040
958,7094200601,BUTLER STIMULATOR,3 CT,12,8409060
958,7094200610,BUTLER PROXABRUSH #6,EACH,1,8409320
958,7094200612,BUTLER PROXABRUSH #6,EACH,1,8409320
958,7094200614,BUTLER PROXABRUSH,1 CT,1,8409160
958,7094200723,BUTLER 723 ORTHODONI,EA,1,8471380
958,7094200840,BUTLER DENTAL FLOSS,EA,1,8471420
958,7094200845,BUTLER FLOSSMATE,1 CT,1,8409300
958,7094201055,BUTLER FLOSS 25% MOR,70 YD,48,7808671
958,7094201155,BUTLER MINT WAXED FL,50 YD,12,6041301
958,7094201550,BUTLER WAXED FLOSS 1,100 YD,1,8471410
958,7094201612,BUTLER TRVL PROXABRU,EA,1,8471440
958,7094201614,BUTLER PROXABRUSH TR,1 CT,1,8471450
958,7094201955,BUTLER FLOSS 25% MOR,70 YD,48,7808671
958,7094206605,BUTLER PROXABRUSH NY,EA,1,8471390
958,7094206610,BUTLER PROXABRUSH HA,1 CT,1,8409200
958,7094206612,BUTLER PROXABRUSH #6,EACH,1,8409320
958,7094206614,BUTLER TRAVEL PROXAB,1 CT,1,8409320
958,7094240111,BUTLER JR CRITTERS B,EA,6,6041181
958,7094240311,BUTLER SLENDER SOFT,2 CT,6,6041101
958,7094240409,BUTLER COMPACT SOFT,2 CT,6,6041101
958,7094240411,BUTLER ADULT REG BOG,2 CT,6,6041101
958,7094240444,~BULTER FULL ULTRA S,EA,6,6041161
958,7094261612,BUTLER PROXBRSH TRVL,EA,1,8471450
958,7094261614,BUTLER PROXBRSH TRVL,EA,1,8471450
958,7103130007,RANIR FLOSS UNWAX 50,50 YDS,12,6040651
958,7103160001,RANIR FLOSS WAX REG,50 YD,12,6040601
958,7103160002,RANIR FLOSS UNWAX 50,50 YD,12,6040651
958,7103160003,RANIR FLOSS WAX MINT,50 YDS,12,6040551
958,7103177001,TRL-SZ RANIR DENTAL,1 CT,72,7100251
958,7103178005,TRL-SZ HH DENT FLOSS,1 CT,144,7100241
958,7557201029,TRAVEL TOOTHBRUSH &,EACH,240,7100421
958,7559512024,SWEET BREATH SPRAY,.33 OZ,12,7313601
958,7666000900,DENQUEL 30[ OFF,3 OZ,6,6010741
958,7830000006,TEK TOOTH BRUSH DISP,1 CT,288,7802871
958,7830000007,TEK TOOTH BRUSH DISP,1 CT,288,7802871
958,7830000008,TEK TOOTH BRUSH DISP,1 CT,288,7802871
958,8137007103,REACH B2G1 FREE DISP,3 CT,48,7807881
958,8137007105,REACH B2G1 FREE DISP,3 CT,48,7807881
958,8137007106,REACH B2G1 FREE DISP,3 CT,48,7807881
958,8137009253,TRL-SZ DENTAL FLOSS,ASST.,144,7100091
958,8142503130,A.J. QUALITY TOOTHBR,3 CT,144,7808221
958,8307811111,CARMEX JAR,.25 OZ,12,6010321
958,8307811113,CARMEX TUBE,.35 OZ,12,6010341
958,8307811114,CARMEX TUBE,.35 OZ,12,6010341
958,30024021201,CAMPHO-PHNQUE COLD S,.23 OZ,12,6801141
958,30041080100,ORALB LARGE #60 TOOT,EACH,6,6040731
958,30041080135,ORAL BCOMPACT #35 ME,EACH,6,6040811
958,30041080140,ORAL B REG MEDIUM #4,EACH,6,6040791
958,30041080160,ORAL B LARGE MEDIUM,EACH,6,6040851
958,30041080200,ORAL B REGULAR #40 T,EACH,6,6040751
958,30041080400,ORAL B COMPACT #35 T,EACH,6,6040801
958,30041080700,ORAL B TRAVEL BRUSH,EA,12,6140721
958,30041080710,TRAVEL TOOTHBRUSH B1,2 CT,72,7805581
958,30041080936,~ORAL B 35 COMPACT X,1 CT,6,6041911
958,30041080941,~ORAL B 40 REG XSOFT,1 CT,6,6041971
958,30041080950,~ORAL-B INDICATR COM,1 CT,6,6042021
958,30041080952,~ORAL-B INDICATR COM,1 CT,6,6042061
958,30041080953,~ORAL-B INDICATR REG,1 CT,6,6042001
958,30041080955,~ORAL-B INDICATR REG,1 CT,6,6042041
958,30041081001,ORAL-B DENTURE BRSH,1 CT,1,8434440
958,30041081002,ORAL-B DENTURE BRSH,1 CT,1,8434440
958,30041081200,ORAL B NOVELTY 20 SO,1 CT,6,6041851
958,30041081415,~ORAL B MUPPET TOOTH,EACH,6,6040861
958,30041081418,ULTRA MUPPETS T/B-B2,1 CT,48,7806641
958,30041081428,~ORAL-B B2G1 COMBO F,3 CT,48,7806831
958,30041081440,ORAL B SNOOPY TOOTHB,1 CT,6,6040881
958,30041081465,~ORAL B SESAME ST T/,EA,6,6040161
958,30041081470,~ORAL B HANNA BARBER,1 CT,6,6040871
958,30041081472,ORAL B HANNA BARBERA,1,48,7805991
958,30041081473,ORAL B ADULT 40 REG,1 OZ,48,7806591
958,30041081474,ORAL-B T/B #40 WI FL,1 CT,36,7805521
958,30041081532,ORAL B INDIACTOR B1G,2 CT,48,7805551
958,30041081533,ORAL B INDIACTOR B1G,2 CT,48,7805551
958,30041081534,ORAL B INDIACTOR B1G,2 CT,48,7805551
958,30041081535,ORAL B INDIACTOR B1G,2 CT,48,7805551
958,30041081536,F/S ORAL B ANGLE B1G,1 CT,48,7806261
958,30041081537,F/S ORAL B ANGLE B1G,1 CT,48,7806261
958,30041081538,F/S ORAL B ANGLE B1G,1 CT,48,7806261
958,30041081539,F/S ORAL B ANGLE B1G,1 CT,48,7806261
958,30041082400,ORAL B FLOSS UNWAXED,55 YD,12,6040901
958,30041082405,ORAL B FLOSS WAXED #,55 YD,12,6040921
958,30041082410,ORAL B FLOSS MINT WA,55 YD,12,6040941
958,30041082552,ORAL-B SUPER FLOSS,1 CT,6,6040961
958,30041082930,ORAL B 3 PACK DISPLA,3 CT,48,780592
958,30041082931,ORAL B 3 PACK DISPLA,3 CT,48,780592
958,30041082933,ORAL B 3 PACK DISPLA,3 CT,48,780592
958,30041083100,ULTRA SOFT P-60 TOOT,1 CT,12,6040171
958,30041083138,ORAL B ULTRA T/B-B2G,1 CT,48,7806571
958,30041083200,ULTRA SOFT P-40 TOOT,1 CT,12,6040181
958,30041083238,ORAL B ULTRA T/B-B2G,1 CT,48,7806571
958,30041083300,~ORAL B NOVELTY 30 S,1 CT,6,6041871
958,30041083400,ULTRA SOFT P-35 TOOT,1 CT,12,6040191
958,30041083438,ORAL B ADULT B2G1,1 CT,36,7806571
958,30041083500,ORAL B B1G1 ART & SP,2 CT,36,7805611
958,30041083501,~ORAL B ANGLE DC COR,1 CT,6,6041951
958,30041083502,ORAL B ANGLE DC COR,1 CT,6,6040881
958,30041083510,ORAL B B1G1 ART & SP,2 CT,36,7805611
958,30041083518,ORAL-B P-SERIES B1G1,2 CT,48,7806271
958,30041083519,ORAL-B P-SERIES B1G1,2 CT,48,7806271
958,30041083538,ORAL B B2G1 COMBO F/,3 CT,48,7806571
958,30041083638,ORAL B B2G1 COMBO F/,3 CT,48,7806571
958,30041083738,ORAL B B2G1 COMBO F/,3 CT,48,7806571
958,30041084000,ORAL B ANGLE COMPACT,EACH,6,6040821
958,30041084020,ORAL-B ANGLE B1-G1 F,2 CT,36,7808541
958,30041084100,ORAL B ANGLE REGULAR,EACH,6,6040841
958,30041084120,ORAL-B ANGLE B1-G1 F,2 CT,36,7808541
958,30041084200,ORAL B ANGLE COMPACT,EACH,6,6040831
958,30041084215,ORAL B B2G1 COMBO F/,3 CT,48,7806831
958,30041084225,~ORAL-B B2G1 COMBO F,3 CT,48,7806831
958,30041084300,ORAL B ANGLE 40 REG,1 CT,6,6040841
958,30041085104,ADVANTAGE 35 XSFT,EA,6,6041641
958,30041085107,ORAL-B ADVANTAGE 35,EA,6,6041621
958,30041085108,ADVANTAGE 35 MEDIUM,EA,6,6041631
958,30041085109,ADVANTAGE 40 XSFT TB,EA,6,6041651
958,30041085112,ORAL-B ADVANTAGE 40,EA,6,6041601
958,30041085113,ORAL-B ADVANTAGE 40,EA,6,6041591
958,30041085114,ORAL-B ADVANTAGE 60,EA,6,6041541
958,30041085115,ORAL-B ADVANTAGE 60,EA,6,6041611
958,30041085117,ORAL-B ADVANTAGE 35,EA,6,6041551
958,30041085118,ORAL-B ADVANTAGE 35,EA,6,6041561
958,30041085120,ORAL-B ADVANTAGE 40,EA,6,6041571
958,30041085121,ORAL-B ADVANTAGE 40,EA,6,6041581
958,30041085539,CONTURA REGULAR ANGL,1 CT,6,6040861
958,30041085540,CONTURA REGULAR ANGL,1 CT,6,6040871
958,30041085561,ORAL B ADVANTAGE C/G,1 CT,6,6041661
958,30041085562,ORAL B ADVANTAGE C/G,1 CT,6,6041671
958,30088101002,GLY-OXIDE #,2 OZ,6,7314011
958,30088101005,GLY-OXIDE #,.5 OZ,6,7314001
958,30521275000,VASELINE LIP THERAPY,1 CT,12,6443891
958,30521275200,CHERRY VASELINE LIP,.35 OZ,12,6443981
958,30521275500,VASELINE LIP THERAPY,1 CT,48,6443911
958,30521276000,VASE LIP SUN CLIP ST,.35 OZ,12,6444011
958,30521277200,VASLNE MED LIP-THRPY,.35 OZ,12,6444061
958,30521279200,~CHERRY VASELINE LIP,.35 OZ,48,6443921
958,30573021807,ANBESOL GEL#,.25 OZ,12,6010291
958,30573021907,ANBESOL BABY GEL#,.25 OZ,12,6010281
958,30573022110,ANBESOL ANTISEPTIC,.31 OZ,6,6010301
958,30573022115,ANBESOL LIQUID ECONO,.74 OZ,1,8454640
958,30573058507,COMPOUND W GEL,.25 OZ,1,8455240
958,31015807706,SENSODYNE ORIGINAL#,6 OZ,6,6010481
958,31015808106,SENSODYNE MINT#,6 OZ,6,6010491
958,31031001101,TANAC LIQ #,.45 OZ,6,6020301
958,31031003213,ORAJEL-D,1/3 OZ,1,8413580
958,31031003313,ORAJEL BABIES,.333 O,6,6010051
958,31031022213,ORAGEL OINTMENT,1/3 OZ,1,8413540
958,31031022240,ORAGEL TOOTH ACHE,3.16 O,1,8413440
958,31031028313,ORAJEL M/S GEL,.33 OZ,6,6010021
958,31031031650,ORAJEL BRACE AID GEL,.5 OZ,1,8413660
958,31031031805,ORAJEL MOUTH AID GEL,.33 OZ,6,6020201
958,31031031840,ORAJEL MOUTHAID GEL#,.187 O,6,6010011
958,31031032945,ORAJEL MAX STR LIQUI,.45 OZ,6,6010031
958,31031033940,ORAJEL BABY NIGHTIME,.187 O,6,6010081
958,31031041120,ORAJEL BBY TOOTH/GUM,.5 OZ,12,6010061
958,31031041321,ORAJEL BBY TOOTH/GUM,.5 OZ,12,6010071
958,31033100801,BD CANK AID 750 OZ,.75 OZ,1,8405580
958,31074200041,MENTHOLATUM B1G1 CHE,2 CT,144,7809751
958,31074200091,RED CROSS TOOTHACHE,1/8 OZ,1,8429900
958,31074200154,MENTHOLATUM CHERRY L,2 CT,144,7807041
958,31074200412,MENTHOLATUM SNO FAMI,1 CT,144,780793
958,31074200451,SOFT LIPS COOL CHERR,.07 OZ,24,6444361
958,31074200461,SOFT LIPS CRYSTAL IC,.07 OZ,24,6444351
958,31074200471,SOFTLIPS SPARKLE MIN,.07 OZ,24,6444371
958,31074200482,MENTHOLATUM B1G1 CHE,2 CT,144,7809751
958,31096013731,LIFETIME FEVER THERM,1 CT,12,847174
958,31111383026,PEPSODENT T/B SOFT P,EA,12,6046401
958,31111383136,PEPSODENT T/B MED PP,EA,12,6046301
958,31111383216,PEPSODENT HARD,EA,12,6046201
958,31158863009,TOPOL T/POLISH MINT,3 OZ,1,8428980
958,37094200201,BUTLER DENTURE BRUSH,1 CT,1,8471430
958,37094200311,BUTLER 311 ADULT TOO,1 CT,1,8471350
958,37094200409,BTLR 409 GUM BRUSH 8,1 CT,1,8471340
958,37094200411,BTLR 411 GUM BRUSH 0,1 CT,1,8471330
958,37094200550,BTLR FLOSS UNWAXED,1 CT,1,8471400
958,37094200601,BUTLER STIMULATOR,3 CT,12,8409060
958,37094200605,BTLR PLSTC PROXABRUS,1 CT,1,8471390
958,37094200610,BUTLER PROXABRUSH HA,1 CT,1,8409200
958,37094200614,BUTLER PROXABRUSH,1 CT,1,8409160
958,37094200840,BTLR EZ-THRU FLS THR,1 CT,1,8471420
958,37666000532,BENZODENT DENT OINT,1/4 OZ,1,8412740
958,37666000900,DENQUEL 30[ OFF,3 OZ,6,6010741
958,38137007102,F/S REACH TB B1G1,3 CT,36,7809231
958,38137007103,REACH B2G1 + 1 GLOW,3 CT,36,7809231
958,38137007105,REACH B2G1 + 1 GLOW,3 CT,36,7809231
958,38137007106,REACH B2G1 + 1 GLOW,3 CT,36,-268438330
958,38137007116,REACH CUT CASE DISPL,1 CT,72,7809161
958,38137007118,~REACH FULL GENTLE,EA,6,6040781
958,38137007120,REACH FULL SOFT,EA,6,6040761
958,38137007122,REACH FULL MED,EA,6,6040741
958,38137007126,REACH FULL FIRM,EA,6,6040771
958,38137007130,REACH CMPCT SOFT,EA,6,6040711
958,38137007131,~REACH GLOW COMP SOF,1 CT,6,6071341
958,38137007133,REACH CHILDS,EA,6,6071331
958,38137007134,REACH GLOW AGE 1-5 T,1 CT,6,6071361
958,38137007136,REACH YOUTH 6-12 T/B,1 CT,6,6071321
958,38137007137,REACH GLOW AGE 6-12,1 CT,6,6071351
958,38137007140,REACH CMPCT MED,EA,6,6040701
958,38137007142,REACH CMPCT FIRM,EA,6,6040691
958,38137007201,REACH ADVANCED FULL,1 CT,6,6040591
958,38137007202,REACH ADVANCED FULL,1 CT,6,6040621
958,38137007203,REACH ADVANCED FULL,1 CT,6,6040631
958,38137007206,REACH TOOTHBRUSH WON,1 CT,6,6040581
958,38137007218,REACH BETWEEN SENSIT,1 CT,6,6041051
958,38137007220,REACH BETWEEN SOFT,1 CT,6,6041061
958,38137007222,REACH BETWEEN MEDIUM,1 CT,6,6041071
958,38137007245,REACH ADV DSGN CMPCT,EA,6,6041161
958,38137007246,REACH ADVANCE DSGN C,EA,6,6041151
958,38137007247,REACH ADVANCE DSGN C,EA,6,6041171
958,38137009213,J&J FLOSS WAX REG,50 YDS,12,6040401
958,38137009215,J&J FLOSS UNW REG,50 YDS,12,6040501
958,38137009217,J&J FLOSS WAX MINT,50 YDS,12,6040521
958,38137009218,J&J FLOSS UNW MINT#,50 YD,12,6040451
958,38137009219,J&J FLOSS WAX CINNAM,50 YD,12,6040421
958,38137009221,J & J DENTOTAPE WAXE,100 YD,1,8456420
958,38137009222,~J & J FLOSS FOR KID,50 YD,12,6040641
958,38137009225,DENTOTAPE FLOSS,20 YDS,12,6040661
958,38137009231,J&J FLOSS WAX,200 YD,6,6040541
958,38137009232,J&J FLOSS UNW,200 YD,6,6040561
958,38137009234,J&J WAXED MINT DENTA,200 YD,6,6040571
958,38137009242,STIM-U-DENT STIMLATO,25 CT,6,6040671
958,38137009335,~PREVENT #35 TOOTHBR,EA,6,6040251
958,38137009340,~PREVENT #40 TOOTHBR,EA,6,6040261
958,38137117200,ADVNCE DSGN REACH TB,2-1 CT,48,7808481
958,38137127200,ADVNCE DSGN REACH TB,2-1 CT,48,7808481
958,38137137200,ADVNCE DSGN REACH TB,2-1 CT,48,7808481
958,38290579300,CANKAID,.75 OZ,1,8405580
